<application>
  <component name="libraryTable">
    <library name="bootstrap" type="javaScript">
      <properties>
        <sourceFilesUrls>
          <item url="file://$APPLICATION_CONFIG_DIR$/javascript/extLibs/http_cdn.bootcss.com_bootstrap_3.2.0_js_bootstrap.js" />
        </sourceFilesUrls>
      </properties>
      <CLASSES>
        <root url="file://$APPLICATION_CONFIG_DIR$/javascript/extLibs/http_cdn.bootcss.com_bootstrap_3.2.0_js_bootstrap.js" />
      </CLASSES>
      <JAVADOC />
      <SOURCES />
    </library>
    <library name="html5shiv" type="javaScript">
      <properties>
        <sourceFilesUrls>
          <item url="file://$APPLICATION_CONFIG_DIR$/javascript/extLibs/http_oss.maxcdn.com_html5shiv_3.7.3_html5shiv.js" />
        </sourceFilesUrls>
      </properties>
      <CLASSES>
        <root url="file://$APPLICATION_CONFIG_DIR$/javascript/extLibs/http_oss.maxcdn.com_html5shiv_3.7.3_html5shiv.js" />
      </CLASSES>
      <JAVADOC />
      <SOURCES />
    </library>
    <library name="jquery" type="javaScript">
      <properties>
        <option name="frameworkName" value="jQuery" />
        <option name="frameworkVersion" value="1.9.0" />
        <sourceFilesUrls>
          <item url="file://$APPLICATION_CONFIG_DIR$/javascript/extLibs/http_cdn.bootcss.com_jquery_1.9.0_jquery.js" />
        </sourceFilesUrls>
      </properties>
      <CLASSES>
        <root url="file://$APPLICATION_CONFIG_DIR$/javascript/extLibs/http_cdn.bootcss.com_jquery_1.9.0_jquery.js" />
      </CLASSES>
      <DOCUMENTATION>
        <root url="http://api.jquery.com" />
      </DOCUMENTATION>
      <JAVADOC />
      <SOURCES />
    </library>
    <library name="respond" type="javaScript">
      <properties>
        <sourceFilesUrls>
          <item url="file://$APPLICATION_CONFIG_DIR$/javascript/extLibs/http_oss.maxcdn.com_respond_1.4.2_respond.min.js" />
        </sourceFilesUrls>
      </properties>
      <CLASSES>
        <root url="file://$APPLICATION_CONFIG_DIR$/javascript/extLibs/http_oss.maxcdn.com_respond_1.4.2_respond.min.js" />
      </CLASSES>
      <JAVADOC />
      <SOURCES />
    </library>
    <library name="vue" type="javaScript">
      <properties>
        <sourceFilesUrls>
          <item url="file://$APPLICATION_CONFIG_DIR$/javascript/extLibs/http_cdn.jsdelivr.net_npm_vue@2.5.13_dist_vue.js" />
        </sourceFilesUrls>
      </properties>
      <CLASSES>
        <root url="file://$APPLICATION_CONFIG_DIR$/javascript/extLibs/http_cdn.jsdelivr.net_npm_vue@2.5.13_dist_vue.js" />
      </CLASSES>
      <JAVADOC />
      <SOURCES />
    </library>
  </component>
</application>