<application>
  <component name="dataSourceStorage" format="xml" multifile-model="true">
    <data-source source="LOCAL" name="zommon@localhost" uuid="8a32654e-0a7f-470a-ae03-1baa499c0c78">
      <driver-ref>mysql</driver-ref>
      <synchronize>true</synchronize>
      <jdbc-driver>com.mysql.jdbc.Driver</jdbc-driver>
      <jdbc-url>jdbc:mysql://127.0.0.1:3306/demo</jdbc-url>
      <driver-properties>
        <property name="autoReconnect" value="true" />
        <property name="zeroDateTimeBehavior" value="convertToNull" />
        <property name="tinyInt1isBit" value="false" />
        <property name="characterEncoding" value="utf8" />
        <property name="characterSetResults" value="utf8" />
        <property name="yearIsDateType" value="false" />
      </driver-properties>
    </data-source>
    <data-source source="LOCAL" name="demo@localhost" uuid="45f06751-fb9d-4042-9ad6-f29316886075">
      <driver-ref>postgresql</driver-ref>
      <synchronize>true</synchronize>
      <jdbc-driver>org.postgresql.Driver</jdbc-driver>
      <jdbc-url>jdbc:postgresql://localhost:5432/demo</jdbc-url>
    </data-source>
    <data-source source="LOCAL" name="mountian@vpn" uuid="31036786-13cc-4c80-9244-0b51c5fdacdd">
      <driver-ref>mysql</driver-ref>
      <synchronize>true</synchronize>
      <jdbc-driver>com.mysql.jdbc.Driver</jdbc-driver>
      <jdbc-url>jdbc:mysql://39.108.174.239:13306/qing_yuan</jdbc-url>
      <driver-properties>
        <property name="autoReconnect" value="true" />
        <property name="zeroDateTimeBehavior" value="convertToNull" />
        <property name="tinyInt1isBit" value="false" />
        <property name="characterEncoding" value="utf8" />
        <property name="characterSetResults" value="utf8" />
        <property name="yearIsDateType" value="false" />
      </driver-properties>
    </data-source>
    <data-source source="LOCAL" name="qing_yuan@local" uuid="8fd50f7e-04c6-40c2-81d5-f81953fa09e9">
      <driver-ref>mysql</driver-ref>
      <synchronize>true</synchronize>
      <jdbc-driver>com.mysql.jdbc.Driver</jdbc-driver>
      <jdbc-url>jdbc:mysql://127.0.0.1:13306/demo</jdbc-url>
      <driver-properties>
        <property name="autoReconnect" value="true" />
        <property name="zeroDateTimeBehavior" value="convertToNull" />
        <property name="tinyInt1isBit" value="false" />
        <property name="characterEncoding" value="utf8" />
        <property name="characterSetResults" value="utf8" />
        <property name="yearIsDateType" value="false" />
      </driver-properties>
    </data-source>
    <data-source source="LOCAL" name="cart_recruitment_db@server" uuid="ac8836bb-0dd8-40c5-94ee-002feb409107">
      <driver-ref>postgresql</driver-ref>
      <synchronize>true</synchronize>
      <jdbc-driver>org.postgresql.Driver</jdbc-driver>
      <jdbc-url>jdbc:postgresql://14.29.210.96:6432/cart_recruitment_db</jdbc-url>
    </data-source>
    <data-source source="LOCAL" name="qing_yuan@server" uuid="3925b8ee-7b5f-4c5d-a8d7-9a9a4a7df046">
      <driver-ref>mysql</driver-ref>
      <synchronize>true</synchronize>
      <jdbc-driver>com.mysql.jdbc.Driver</jdbc-driver>
      <jdbc-url>jdbc:mysql://47.111.160.56:3306/qing_yuan</jdbc-url>
      <driver-properties>
        <property name="autoReconnect" value="true" />
        <property name="zeroDateTimeBehavior" value="convertToNull" />
        <property name="tinyInt1isBit" value="false" />
        <property name="characterEncoding" value="utf8" />
        <property name="characterSetResults" value="utf8" />
        <property name="yearIsDateType" value="false" />
      </driver-properties>
    </data-source>
    <data-source source="LOCAL" name="paz@paz888.cn" uuid="ee26cf8b-5c9d-4d1e-a170-37dd8b5d1aa0">
      <driver-ref>mysql</driver-ref>
      <synchronize>true</synchronize>
      <jdbc-driver>com.mysql.jdbc.Driver</jdbc-driver>
      <jdbc-url>jdbc:mysql://paz888.cn:3306/paz</jdbc-url>
      <driver-properties>
        <property name="autoReconnect" value="true" />
        <property name="zeroDateTimeBehavior" value="convertToNull" />
        <property name="tinyInt1isBit" value="false" />
        <property name="characterEncoding" value="utf8" />
        <property name="characterSetResults" value="utf8" />
        <property name="yearIsDateType" value="false" />
      </driver-properties>
    </data-source>
  </component>
</application>