<application>
  <component name="UISettings">
    <option name="EDITOR_TAB_LIMIT" value="15" />
    <option name="FONT_FACE" value=".SF NS Text" />
    <option name="FONT_SCALE" value="1.0" />
    <option name="FONT_SIZE" value="11" />
    <option name="HIDE_TOOL_STRIPES" value="true" />
    <option name="MARK_MODIFIED_TABS_WITH_ASTERISK" value="true" />
    <option name="OVERRIDE_NONIDEA_LAF_FONTS" value="true" />
    <option name="PRESENTATION_MODE_FONT_SIZE" value="20" />
  </component>
</application>