<application>
  <component name="AppStorage">
    <histories>
      <item value="间隔" />
      <item value="camel hump" />
      <item value="camel hump1" />
      <item value="camelhump" />
      <item value="total Deposits" />
      <item value="花呗3" />
      <item value="花呗2" />
      <item value="花呗" />
      <item value="花呗 1" />
      <item value=" 花1" />
      <item value=" 花呗" />
      <item value=" 花呗1" />
      <item value="千人千面" />
      <item value="千人前面" />
      <item value="qian" />
      <item value="get Is Thousand People" />
      <item value="Diamond" />
      <item value=" 注册" />
      <item value="买手" />
      <item value=" 刷手" />
      <item value="Scalp" />
      <item value="Business" />
      <item value="argument type mismatch" />
      <item value="purchase" />
      <item value="scalp" />
      <item value="scalpuser" />
      <item value="scalpuser id" />
      <item value=" 收货人" />
      <item value="recpitor" />
      <item value="recpite Name " />
      <item value="收货" />
      <item value="收" />
      <item value="收货人" />
      <item value=" 快递" />
      <item value="拉黑" />
      <item value=" 拉黑" />
      <item value="scratches" />
      <item value="根据店铺主页获取店铺名称和旺旺ID" />
      <item value="free code camp" />
      <item value="freecodecamp" />
      <item value="camp" />
      <item value="Design patterns implemented in Java" />
      <item value="recharge" />
      <item value="paz recharge" />
      <item value="paz purchase account" />
      <item value="paz appeal" />
      <item value="abuse" />
      <item value=" 库存" />
      <item value=" 指数" />
      <item value="rate" />
    </histories>
    <option name="languageScores">
      <map>
        <entry key="CHINESE" value="98" />
        <entry key="ENGLISH" value="98" />
        <entry key="RUSSIAN" value="1" />
        <entry key="ROMANIAN" value="3" />
        <entry key="MALAYALAM" value="1" />
        <entry key="NORWEGIAN" value="3" />
        <entry key="TURKISH" value="2" />
        <entry key="SPANISH" value="1" />
        <entry key="INDONESIAN" value="2" />
      </map>
    </option>
  </component>
</application>