<code_scheme name="Default" version="173">
  <SqlCodeStyleSettings version="2">
    <option name="KEYWORD_CASE" value="0" />
    <option name="TYPE_CASE" value="0" />
    <option name="QUOTE_IDENTIFIER" value="1" />
    <option name="QUERY_EL_COMMA" value="0" />
    <option name="QUERY_TRUE_INDENT" value="false" />
    <option name="QUERY_ALIGN_ELEMENTS" value="false" />
    <option name="SUBQUERY_PAR_SPACE_INSIDE" value="true" />
    <option name="SET_EL_LINE" value="101" />
    <option name="WITH_EL_LINE" value="101" />
    <option name="WITH_ALIGN_AS" value="true" />
    <option name="SELECT_EL_LINE" value="101" />
    <option name="FROM_EL_LINE" value="101" />
    <option name="FROM_EL_WRAP" value="0" />
    <option name="FROM_EL_COMMA" value="0" />
    <option name="FROM_WRAP_JOIN_1" value="false" />
    <option name="FROM_WRAP_JOIN_2" value="false" />
    <option name="FROM_WRAP_ON" value="true" />
    <option name="FROM_ALIGN_JOIN_TABLES" value="true" />
    <option name="FROM_ALIGN_ALIASES" value="true" />
    <option name="FROM_PLACE_ON" value="10" />
    <option name="WHERE_EL_LINE" value="101" />
    <option name="TABLE_OPENING" value="1" />
    <option name="TABLE_CONTENT" value="2" />
    <option name="TABLE_CLOSING" value="3" />
    <option name="CREATE_SCHEMA_CONTENT_INDENT" value="false" />
  </SqlCodeStyleSettings>
  <codeStyleSettings language="CFML">
    <indentOptions>
      <option name="SMART_TABS" value="true" />
    </indentOptions>
  </codeStyleSettings>
  <codeStyleSettings language="CSS">
    <indentOptions>
      <option name="SMART_TABS" value="true" />
    </indentOptions>
  </codeStyleSettings>
  <codeStyleSettings language="HTML">
    <indentOptions>
      <option name="SMART_TABS" value="true" />
    </indentOptions>
  </codeStyleSettings>
  <codeStyleSettings language="JAVA">
    <indentOptions>
      <option name="SMART_TABS" value="true" />
    </indentOptions>
  </codeStyleSettings>
  <codeStyleSettings language="JSP">
    <indentOptions>
      <option name="SMART_TABS" value="true" />
    </indentOptions>
  </codeStyleSettings>
  <codeStyleSettings language="SQL">
    <indentOptions>
      <option name="SMART_TABS" value="true" />
    </indentOptions>
  </codeStyleSettings>
  <codeStyleSettings language="XML">
    <indentOptions>
      <option name="SMART_TABS" value="true" />
    </indentOptions>
  </codeStyleSettings>
</code_scheme>