<code_scheme name="Default" version="173">
  <DB2CodeStyleSettings version="2">
    <option name="KEYWORD_CASE" value="0" />
    <option name="TYPE_CASE" value="0" />
    <option name="QUOTE_IDENTIFIER" value="1" />
    <option name="QUERY_TRUE_INDENT" value="false" />
    <option name="QUERY_ALIGN_ELEMENTS" value="false" />
    <option name="SUBQUERY_PAR_SPACE_INSIDE" value="true" />
    <option name="SET_EL_LINE" value="101" />
    <option name="WITH_EL_LINE" value="101" />
    <option name="WITH_ALIGN_AS" value="true" />
    <option name="SELECT_EL_LINE" value="101" />
    <option name="FROM_EL_LINE" value="101" />
    <option name="FROM_EL_WRAP" value="0" />
    <option name="FROM_EL_COMMA" value="0" />
    <option name="FROM_WRAP_JOIN_1" value="false" />
    <option name="FROM_WRAP_JOIN_2" value="false" />
    <option name="FROM_WRAP_ON" value="true" />
    <option name="FROM_ALIGN_JOIN_TABLES" value="true" />
    <option name="FROM_ALIGN_ALIASES" value="true" />
    <option name="FROM_PLACE_ON" value="10" />
    <option name="WHERE_EL_LINE" value="101" />
    <option name="TABLE_OPENING" value="1" />
    <option name="TABLE_CONTENT" value="2" />
    <option name="TABLE_CLOSING" value="3" />
    <option name="CREATE_SCHEMA_CONTENT_INDENT" value="false" />
  </DB2CodeStyleSettings>
  <DerbyCodeStyleSettings version="2">
    <option name="KEYWORD_CASE" value="0" />
    <option name="TYPE_CASE" value="0" />
    <option name="QUOTE_IDENTIFIER" value="1" />
    <option name="QUERY_TRUE_INDENT" value="false" />
    <option name="QUERY_ALIGN_ELEMENTS" value="false" />
    <option name="SUBQUERY_PAR_SPACE_INSIDE" value="true" />
    <option name="SET_EL_LINE" value="101" />
    <option name="WITH_EL_LINE" value="101" />
    <option name="WITH_ALIGN_AS" value="true" />
    <option name="SELECT_EL_LINE" value="101" />
    <option name="FROM_EL_LINE" value="101" />
    <option name="FROM_EL_WRAP" value="0" />
    <option name="FROM_EL_COMMA" value="0" />
    <option name="FROM_WRAP_JOIN_1" value="false" />
    <option name="FROM_WRAP_JOIN_2" value="false" />
    <option name="FROM_WRAP_ON" value="true" />
    <option name="FROM_ALIGN_JOIN_TABLES" value="true" />
    <option name="FROM_ALIGN_ALIASES" value="true" />
    <option name="FROM_PLACE_ON" value="10" />
    <option name="WHERE_EL_LINE" value="101" />
    <option name="TABLE_OPENING" value="1" />
    <option name="TABLE_CONTENT" value="2" />
    <option name="TABLE_CLOSING" value="3" />
    <option name="CREATE_SCHEMA_CONTENT_INDENT" value="false" />
  </DerbyCodeStyleSettings>
  <H2CodeStyleSettings version="2">
    <option name="KEYWORD_CASE" value="0" />
    <option name="TYPE_CASE" value="0" />
    <option name="QUOTE_IDENTIFIER" value="1" />
    <option name="QUERY_TRUE_INDENT" value="false" />
    <option name="QUERY_ALIGN_ELEMENTS" value="false" />
    <option name="SUBQUERY_PAR_SPACE_INSIDE" value="true" />
    <option name="SET_EL_LINE" value="101" />
    <option name="WITH_EL_LINE" value="101" />
    <option name="WITH_ALIGN_AS" value="true" />
    <option name="SELECT_EL_LINE" value="101" />
    <option name="FROM_EL_LINE" value="101" />
    <option name="FROM_EL_WRAP" value="0" />
    <option name="FROM_EL_COMMA" value="0" />
    <option name="FROM_WRAP_JOIN_1" value="false" />
    <option name="FROM_WRAP_JOIN_2" value="false" />
    <option name="FROM_WRAP_ON" value="true" />
    <option name="FROM_ALIGN_JOIN_TABLES" value="true" />
    <option name="FROM_ALIGN_ALIASES" value="true" />
    <option name="FROM_PLACE_ON" value="10" />
    <option name="WHERE_EL_LINE" value="101" />
    <option name="TABLE_OPENING" value="1" />
    <option name="TABLE_CONTENT" value="2" />
    <option name="TABLE_CLOSING" value="3" />
    <option name="CREATE_SCHEMA_CONTENT_INDENT" value="false" />
  </H2CodeStyleSettings>
  <HSQLCodeStyleSettings version="2">
    <option name="KEYWORD_CASE" value="0" />
    <option name="TYPE_CASE" value="0" />
    <option name="QUOTE_IDENTIFIER" value="1" />
    <option name="QUERY_TRUE_INDENT" value="false" />
    <option name="QUERY_ALIGN_ELEMENTS" value="false" />
    <option name="SUBQUERY_PAR_SPACE_INSIDE" value="true" />
    <option name="SET_EL_LINE" value="101" />
    <option name="WITH_EL_LINE" value="101" />
    <option name="WITH_ALIGN_AS" value="true" />
    <option name="SELECT_EL_LINE" value="101" />
    <option name="FROM_EL_LINE" value="101" />
    <option name="FROM_EL_WRAP" value="0" />
    <option name="FROM_EL_COMMA" value="0" />
    <option name="FROM_WRAP_JOIN_1" value="false" />
    <option name="FROM_WRAP_JOIN_2" value="false" />
    <option name="FROM_WRAP_ON" value="true" />
    <option name="FROM_ALIGN_JOIN_TABLES" value="true" />
    <option name="FROM_ALIGN_ALIASES" value="true" />
    <option name="FROM_PLACE_ON" value="10" />
    <option name="WHERE_EL_LINE" value="101" />
    <option name="TABLE_OPENING" value="1" />
    <option name="TABLE_CONTENT" value="2" />
    <option name="TABLE_CLOSING" value="3" />
    <option name="CREATE_SCHEMA_CONTENT_INDENT" value="false" />
  </HSQLCodeStyleSettings>
  <MSSQLCodeStyleSettings version="2">
    <option name="KEYWORD_CASE" value="0" />
    <option name="TYPE_CASE" value="0" />
    <option name="QUOTE_IDENTIFIER" value="1" />
    <option name="QUERY_TRUE_INDENT" value="false" />
    <option name="QUERY_ALIGN_ELEMENTS" value="false" />
    <option name="SUBQUERY_PAR_SPACE_INSIDE" value="true" />
    <option name="SET_EL_LINE" value="101" />
    <option name="WITH_EL_LINE" value="101" />
    <option name="WITH_ALIGN_AS" value="true" />
    <option name="SELECT_EL_LINE" value="101" />
    <option name="FROM_EL_LINE" value="101" />
    <option name="FROM_EL_WRAP" value="0" />
    <option name="FROM_EL_COMMA" value="0" />
    <option name="FROM_WRAP_JOIN_1" value="false" />
    <option name="FROM_WRAP_JOIN_2" value="false" />
    <option name="FROM_WRAP_ON" value="true" />
    <option name="FROM_ALIGN_JOIN_TABLES" value="true" />
    <option name="FROM_ALIGN_ALIASES" value="true" />
    <option name="FROM_PLACE_ON" value="10" />
    <option name="WHERE_EL_LINE" value="101" />
    <option name="TABLE_OPENING" value="1" />
    <option name="TABLE_CONTENT" value="2" />
    <option name="TABLE_CLOSING" value="3" />
    <option name="CREATE_SCHEMA_CONTENT_INDENT" value="false" />
  </MSSQLCodeStyleSettings>
  <MySQLCodeStyleSettings version="2">
    <option name="KEYWORD_CASE" value="0" />
    <option name="TYPE_CASE" value="0" />
    <option name="QUOTE_IDENTIFIER" value="1" />
    <option name="QUERY_TRUE_INDENT" value="false" />
    <option name="QUERY_ALIGN_ELEMENTS" value="false" />
    <option name="SUBQUERY_PAR_SPACE_INSIDE" value="true" />
    <option name="SET_EL_LINE" value="101" />
    <option name="WITH_EL_LINE" value="101" />
    <option name="WITH_ALIGN_AS" value="true" />
    <option name="SELECT_EL_LINE" value="101" />
    <option name="FROM_EL_LINE" value="101" />
    <option name="FROM_EL_WRAP" value="0" />
    <option name="FROM_EL_COMMA" value="0" />
    <option name="FROM_WRAP_JOIN_1" value="false" />
    <option name="FROM_WRAP_JOIN_2" value="false" />
    <option name="FROM_WRAP_ON" value="true" />
    <option name="FROM_ALIGN_JOIN_TABLES" value="true" />
    <option name="FROM_ALIGN_ALIASES" value="true" />
    <option name="FROM_PLACE_ON" value="10" />
    <option name="WHERE_EL_LINE" value="101" />
    <option name="TABLE_OPENING" value="1" />
    <option name="TABLE_CONTENT" value="2" />
    <option name="TABLE_CLOSING" value="3" />
    <option name="CREATE_SCHEMA_CONTENT_INDENT" value="false" />
  </MySQLCodeStyleSettings>
  <OracleCodeStyleSettings version="2">
    <option name="KEYWORD_CASE" value="0" />
    <option name="TYPE_CASE" value="0" />
    <option name="QUOTE_IDENTIFIER" value="1" />
    <option name="QUERY_TRUE_INDENT" value="false" />
    <option name="QUERY_ALIGN_ELEMENTS" value="false" />
    <option name="SUBQUERY_PAR_SPACE_INSIDE" value="true" />
    <option name="SET_EL_LINE" value="101" />
    <option name="WITH_EL_LINE" value="101" />
    <option name="WITH_ALIGN_AS" value="true" />
    <option name="SELECT_EL_LINE" value="101" />
    <option name="FROM_EL_LINE" value="101" />
    <option name="FROM_EL_WRAP" value="0" />
    <option name="FROM_EL_COMMA" value="0" />
    <option name="FROM_WRAP_JOIN_1" value="false" />
    <option name="FROM_WRAP_JOIN_2" value="false" />
    <option name="FROM_WRAP_ON" value="true" />
    <option name="FROM_ALIGN_JOIN_TABLES" value="true" />
    <option name="FROM_ALIGN_ALIASES" value="true" />
    <option name="FROM_PLACE_ON" value="10" />
    <option name="WHERE_EL_LINE" value="101" />
    <option name="TABLE_OPENING" value="1" />
    <option name="TABLE_CONTENT" value="2" />
    <option name="TABLE_CLOSING" value="3" />
    <option name="CREATE_SCHEMA_CONTENT_INDENT" value="false" />
  </OracleCodeStyleSettings>
  <PHPCodeStyleSettings>
    <option name="PHPDOC_KEEP_BLANK_LINES" value="false" />
    <option name="LOWER_CASE_BOOLEAN_CONST" value="true" />
    <option name="LOWER_CASE_NULL_CONST" value="true" />
    <option name="VARIABLE_NAMING_STYLE" value="CAMEL_CASE" />
  </PHPCodeStyleSettings>
  <PostgresCodeStyleSettings version="2">
    <option name="KEYWORD_CASE" value="0" />
    <option name="TYPE_CASE" value="0" />
    <option name="QUOTE_IDENTIFIER" value="1" />
    <option name="QUERY_TRUE_INDENT" value="false" />
    <option name="QUERY_ALIGN_ELEMENTS" value="false" />
    <option name="SUBQUERY_PAR_SPACE_INSIDE" value="true" />
    <option name="SET_EL_LINE" value="101" />
    <option name="WITH_EL_LINE" value="101" />
    <option name="WITH_ALIGN_AS" value="true" />
    <option name="SELECT_EL_LINE" value="101" />
    <option name="FROM_EL_LINE" value="101" />
    <option name="FROM_EL_WRAP" value="0" />
    <option name="FROM_EL_COMMA" value="0" />
    <option name="FROM_WRAP_JOIN_1" value="false" />
    <option name="FROM_WRAP_JOIN_2" value="false" />
    <option name="FROM_WRAP_ON" value="true" />
    <option name="FROM_ALIGN_JOIN_TABLES" value="true" />
    <option name="FROM_ALIGN_ALIASES" value="true" />
    <option name="FROM_PLACE_ON" value="10" />
    <option name="WHERE_EL_LINE" value="101" />
    <option name="TABLE_OPENING" value="1" />
    <option name="TABLE_CONTENT" value="2" />
    <option name="TABLE_CLOSING" value="3" />
    <option name="CREATE_SCHEMA_CONTENT_INDENT" value="false" />
  </PostgresCodeStyleSettings>
  <SQLiteCodeStyleSettings version="2">
    <option name="KEYWORD_CASE" value="0" />
    <option name="TYPE_CASE" value="0" />
    <option name="QUOTE_IDENTIFIER" value="1" />
    <option name="QUERY_TRUE_INDENT" value="false" />
    <option name="QUERY_ALIGN_ELEMENTS" value="false" />
    <option name="SUBQUERY_PAR_SPACE_INSIDE" value="true" />
    <option name="SET_EL_LINE" value="101" />
    <option name="WITH_EL_LINE" value="101" />
    <option name="WITH_ALIGN_AS" value="true" />
    <option name="SELECT_EL_LINE" value="101" />
    <option name="FROM_EL_LINE" value="101" />
    <option name="FROM_EL_WRAP" value="0" />
    <option name="FROM_EL_COMMA" value="0" />
    <option name="FROM_WRAP_JOIN_1" value="false" />
    <option name="FROM_WRAP_JOIN_2" value="false" />
    <option name="FROM_WRAP_ON" value="true" />
    <option name="FROM_ALIGN_JOIN_TABLES" value="true" />
    <option name="FROM_ALIGN_ALIASES" value="true" />
    <option name="FROM_PLACE_ON" value="10" />
    <option name="WHERE_EL_LINE" value="101" />
    <option name="TABLE_OPENING" value="1" />
    <option name="TABLE_CONTENT" value="2" />
    <option name="TABLE_CLOSING" value="3" />
    <option name="CREATE_SCHEMA_CONTENT_INDENT" value="false" />
  </SQLiteCodeStyleSettings>
  <SqlCodeStyleSettings version="2">
    <option name="KEYWORD_CASE" value="0" />
    <option name="TYPE_CASE" value="0" />
    <option name="QUOTE_IDENTIFIER" value="1" />
    <option name="QUERY_TRUE_INDENT" value="false" />
    <option name="QUERY_ALIGN_ELEMENTS" value="false" />
    <option name="SUBQUERY_PAR_SPACE_INSIDE" value="true" />
    <option name="SET_EL_LINE" value="101" />
    <option name="WITH_EL_LINE" value="101" />
    <option name="WITH_ALIGN_AS" value="true" />
    <option name="SELECT_EL_LINE" value="101" />
    <option name="FROM_EL_LINE" value="101" />
    <option name="FROM_EL_WRAP" value="0" />
    <option name="FROM_EL_COMMA" value="0" />
    <option name="FROM_WRAP_JOIN_1" value="false" />
    <option name="FROM_WRAP_JOIN_2" value="false" />
    <option name="FROM_WRAP_ON" value="true" />
    <option name="FROM_ALIGN_JOIN_TABLES" value="true" />
    <option name="FROM_ALIGN_ALIASES" value="true" />
    <option name="FROM_PLACE_ON" value="10" />
    <option name="WHERE_EL_LINE" value="101" />
    <option name="TABLE_OPENING" value="1" />
    <option name="TABLE_CONTENT" value="2" />
    <option name="TABLE_CLOSING" value="3" />
    <option name="CREATE_SCHEMA_CONTENT_INDENT" value="false" />
  </SqlCodeStyleSettings>
  <SybaseCodeStyleSettings version="2">
    <option name="KEYWORD_CASE" value="0" />
    <option name="TYPE_CASE" value="0" />
    <option name="QUOTE_IDENTIFIER" value="1" />
    <option name="QUERY_TRUE_INDENT" value="false" />
    <option name="QUERY_ALIGN_ELEMENTS" value="false" />
    <option name="SUBQUERY_PAR_SPACE_INSIDE" value="true" />
    <option name="SET_EL_LINE" value="101" />
    <option name="WITH_EL_LINE" value="101" />
    <option name="WITH_ALIGN_AS" value="true" />
    <option name="SELECT_EL_LINE" value="101" />
    <option name="FROM_EL_LINE" value="101" />
    <option name="FROM_EL_WRAP" value="0" />
    <option name="FROM_EL_COMMA" value="0" />
    <option name="FROM_WRAP_JOIN_1" value="false" />
    <option name="FROM_WRAP_JOIN_2" value="false" />
    <option name="FROM_WRAP_ON" value="true" />
    <option name="FROM_ALIGN_JOIN_TABLES" value="true" />
    <option name="FROM_ALIGN_ALIASES" value="true" />
    <option name="FROM_PLACE_ON" value="10" />
    <option name="WHERE_EL_LINE" value="101" />
    <option name="TABLE_OPENING" value="1" />
    <option name="TABLE_CONTENT" value="2" />
    <option name="TABLE_CLOSING" value="3" />
    <option name="CREATE_SCHEMA_CONTENT_INDENT" value="false" />
  </SybaseCodeStyleSettings>
  <codeStyleSettings language="CFML">
    <indentOptions>
      <option name="SMART_TABS" value="true" />
    </indentOptions>
  </codeStyleSettings>
  <codeStyleSettings language="CSS">
    <indentOptions>
      <option name="SMART_TABS" value="true" />
    </indentOptions>
  </codeStyleSettings>
  <codeStyleSettings language="DB2">
    <indentOptions>
      <option name="SMART_TABS" value="true" />
    </indentOptions>
  </codeStyleSettings>
  <codeStyleSettings language="Derby">
    <indentOptions>
      <option name="SMART_TABS" value="true" />
    </indentOptions>
  </codeStyleSettings>
  <codeStyleSettings language="H2">
    <indentOptions>
      <option name="SMART_TABS" value="true" />
    </indentOptions>
  </codeStyleSettings>
  <codeStyleSettings language="HSQLDB">
    <indentOptions>
      <option name="SMART_TABS" value="true" />
    </indentOptions>
  </codeStyleSettings>
  <codeStyleSettings language="HTML">
    <indentOptions>
      <option name="SMART_TABS" value="true" />
    </indentOptions>
  </codeStyleSettings>
  <codeStyleSettings language="JAVA">
    <indentOptions>
      <option name="SMART_TABS" value="true" />
    </indentOptions>
  </codeStyleSettings>
  <codeStyleSettings language="JSP">
    <indentOptions>
      <option name="SMART_TABS" value="true" />
    </indentOptions>
  </codeStyleSettings>
  <codeStyleSettings language="MySQL">
    <indentOptions>
      <option name="SMART_TABS" value="true" />
    </indentOptions>
  </codeStyleSettings>
  <codeStyleSettings language="Oracle">
    <indentOptions>
      <option name="SMART_TABS" value="true" />
    </indentOptions>
  </codeStyleSettings>
  <codeStyleSettings language="PHP">
    <option name="LINE_COMMENT_AT_FIRST_COLUMN" value="false" />
    <option name="KEEP_LINE_BREAKS" value="false" />
    <option name="KEEP_FIRST_COLUMN_COMMENT" value="false" />
    <option name="KEEP_CONTROL_STATEMENT_IN_ONE_LINE" value="false" />
    <option name="CLASS_BRACE_STYLE" value="1" />
    <option name="METHOD_BRACE_STYLE" value="1" />
    <option name="KEEP_SIMPLE_METHODS_IN_ONE_LINE" value="true" />
  </codeStyleSettings>
  <codeStyleSettings language="PostgreSQL">
    <indentOptions>
      <option name="SMART_TABS" value="true" />
    </indentOptions>
  </codeStyleSettings>
  <codeStyleSettings language="SQL">
    <indentOptions>
      <option name="SMART_TABS" value="true" />
    </indentOptions>
  </codeStyleSettings>
  <codeStyleSettings language="SQLite">
    <indentOptions>
      <option name="SMART_TABS" value="true" />
    </indentOptions>
  </codeStyleSettings>
  <codeStyleSettings language="Sybase">
    <indentOptions>
      <option name="SMART_TABS" value="true" />
    </indentOptions>
  </codeStyleSettings>
  <codeStyleSettings language="TSQL">
    <indentOptions>
      <option name="SMART_TABS" value="true" />
    </indentOptions>
  </codeStyleSettings>
  <codeStyleSettings language="XML">
    <indentOptions>
      <option name="SMART_TABS" value="true" />
    </indentOptions>
  </codeStyleSettings>
</code_scheme>