<application>
  <component name="dataSourceStorage" format="xml" multifile-model="true">
    <data-source source="LOCAL" name="local-mysql" uuid="8a32654e-0a7f-470a-ae03-1baa499c0c78">
      <driver-ref>mysql</driver-ref>
      <synchronize>true</synchronize>
      <jdbc-driver>com.mysql.jdbc.Driver</jdbc-driver>
      <jdbc-url>jdbc:mysql://127.0.0.1:3306/demo</jdbc-url>
      <driver-properties>
        <property name="autoReconnect" value="true" />
        <property name="zeroDateTimeBehavior" value="convertToNull" />
        <property name="tinyInt1isBit" value="false" />
        <property name="characterEncoding" value="utf8" />
        <property name="characterSetResults" value="utf8" />
        <property name="yearIsDateType" value="false" />
      </driver-properties>
    </data-source>
    <data-source source="LOCAL" name="local-docker" uuid="8fd50f7e-04c6-40c2-81d5-f81953fa09e9">
      <driver-ref>mysql</driver-ref>
      <synchronize>true</synchronize>
      <jdbc-driver>com.mysql.jdbc.Driver</jdbc-driver>
      <jdbc-url>jdbc:mysql://127.0.0.1:13306/demo</jdbc-url>
      <driver-properties>
        <property name="autoReconnect" value="true" />
        <property name="zeroDateTimeBehavior" value="convertToNull" />
        <property name="tinyInt1isBit" value="false" />
        <property name="characterEncoding" value="utf8" />
        <property name="characterSetResults" value="utf8" />
        <property name="yearIsDateType" value="false" />
      </driver-properties>
    </data-source>
    <data-source source="LOCAL" name="thunder-hk" uuid="3925b8ee-7b5f-4c5d-a8d7-9a9a4a7df046">
      <driver-ref>mysql</driver-ref>
      <synchronize>true</synchronize>
      <jdbc-driver>com.mysql.jdbc.Driver</jdbc-driver>
      <jdbc-url>jdbc:mysql://129.226.76.128:3306/thunder</jdbc-url>
      <driver-properties>
        <property name="autoReconnect" value="true" />
        <property name="zeroDateTimeBehavior" value="convertToNull" />
        <property name="tinyInt1isBit" value="false" />
        <property name="characterEncoding" value="utf8" />
        <property name="characterSetResults" value="utf8" />
        <property name="yearIsDateType" value="false" />
      </driver-properties>
    </data-source>
    <data-source source="LOCAL" name="shengtian-hk" uuid="30690439-f0f3-436f-b469-5b3ee63cc8c2">
      <driver-ref>mysql</driver-ref>
      <synchronize>true</synchronize>
      <jdbc-driver>com.mysql.jdbc.Driver</jdbc-driver>
      <jdbc-url>jdbc:mysql://129.226.53.4:3306/thunder</jdbc-url>
      <driver-properties>
        <property name="autoReconnect" value="true" />
        <property name="zeroDateTimeBehavior" value="convertToNull" />
        <property name="tinyInt1isBit" value="false" />
        <property name="characterEncoding" value="utf8" />
        <property name="characterSetResults" value="utf8" />
        <property name="yearIsDateType" value="false" />
      </driver-properties>
    </data-source>
  </component>
</application>