<application>
  <component name="GitRememberedInputs">
    <option name="visitedUrls">
      <list>
        <UrlAndUserName>
          <option name="url" value="http://192.168.0.75:8080/git/shengyu/CaiYiBang.git" />
          <option name="userName" value="" />
        </UrlAndUserName>
        <UrlAndUserName>
          <option name="url" value="http://192.168.0.75:8080" />
          <option name="userName" value="quanwen" />
        </UrlAndUserName>
        <UrlAndUserName>
          <option name="url" value="https://gitee.com/free/Mapper.git" />
          <option name="userName" value="" />
        </UrlAndUserName>
        <UrlAndUserName>
          <option name="url" value="git@gitee.com:sw095922/RabbitMQTest.git" />
          <option name="userName" value="" />
        </UrlAndUserName>
      </list>
    </option>
    <option name="cloneParentDir" value="$USER_HOME$/study/java/mq" />
  </component>
  <component name="Vcs.Log.App.Settings">
    <option name="SHOW_CHANGES_FROM_PARENTS" value="true" />
    <option name="SHOW_DIFF_PREVIEW" value="true" />
  </component>
</application>